"id","uid","first_name","last_name","username","email","avatar","gender"
6507,"fe82e01a-c343-4b02-890c-fef1ea87f3c4","Chanel","Cassin","chanel.cassin","chanel.cassin@email.com","https://robohash.org/necessitatibusetconsequatur.png?size=300x300&set=set1","Male""id","uid","first_name","last_name","username","email","avatar","gender"
8471,"6fcfbd4c-5d56-4d72-9b1f-a3d9c56e9871","Wilber","Crona","wilber.crona","wilber.crona@email.com","https://robohash.org/omnisetquia.png?size=300x300&set=set1","Polygender""id","uid","first_name","last_name","username","email","avatar","gender"
3570,"2cd3bd41-e20c-48f2-9fa1-c27ec72db379","Ward","Smith","ward.smith","ward.smith@email.com","https://robohash.org/ipsumsolutatempore.png?size=300x300&set=set1","Male""id","uid","first_name","last_name","username","email","avatar","gender"
3606,"d1ae5ada-1dac-4663-8616-e0a24aa4c32b","Lonnie","Willms","lonnie.willms","lonnie.willms@email.com","https://robohash.org/velvoluptatumdoloremque.png?size=300x300&set=set1","Non-binary""id","uid","first_name","last_name","username","email","avatar","gender"
4390,"1198ea77-2de6-4f8a-ad52-181d4dd6df06","Jeremiah","Towne","jeremiah.towne","jeremiah.towne@email.com","https://robohash.org/estvoluptatemsaepe.png?size=300x300&set=set1","Genderfluid""id","uid","first_name","last_name","username","email","avatar","gender"
5154,"657c2cfe-424b-42e2-879e-f6ec07018b2b","Robbi","Sporer","robbi.sporer","robbi.sporer@email.com","https://robohash.org/fugiatdictasoluta.png?size=300x300&set=set1","Non-binary""id","uid","first_name","last_name","username","email","avatar","gender"
8826,"d1e56523-4552-4da0-9e7a-35e256b3be7f","Gita","Wisozk","gita.wisozk","gita.wisozk@email.com","https://robohash.org/laboriosamaperiammodi.png?size=300x300&set=set1","Female""id","uid","first_name","last_name","username","email","avatar","gender"
4171,"858a1c96-9980-4f3a-addf-56c635160b11","Omer","Kertzmann","omer.kertzmann","omer.kertzmann@email.com","https://robohash.org/beataemolestiaemolestias.png?size=300x300&set=set1","Male""id","uid","first_name","last_name","username","email","avatar","gender"
6997,"2ec42a5a-e959-40e2-b88d-23f105fbc445","Billie","Auer","billie.auer","billie.auer@email.com","https://robohash.org/facilisquoet.png?size=300x300&set=set1","Bigender""id","uid","first_name","last_name","username","email","avatar","gender"
6522,"bd81c710-c7d5-4cdf-92a4-94154b4d3ed2","Cordie","Hilpert","cordie.hilpert","cordie.hilpert@email.com","https://robohash.org/recusandaedolorvel.png?size=300x300&set=set1","Polygender""id","uid","first_name","last_name","username","email","avatar","gender"
7522,"93e54e03-99e2-4969-a2f4-32fc512bc1b0","Roy","Corkery","roy.corkery","roy.corkery@email.com","https://robohash.org/quoundeadipisci.png?size=300x300&set=set1","Agender""id","uid","first_name","last_name","username","email","avatar","gender"
2658,"ee968fe4-8bc1-4b40-addc-9102ecf90ba1","Claudio","Jenkins","claudio.jenkins","claudio.jenkins@email.com","https://robohash.org/temporasintquas.png?size=300x300&set=set1","Male""id","uid","first_name","last_name","username","email","avatar","gender"
1692,"c6eb557a-9b04-4340-8812-59497678a606","Branda","Huel","branda.huel","branda.huel@email.com","https://robohash.org/occaecatiadrepellendus.png?size=300x300&set=set1","Bigender""id","uid","first_name","last_name","username","email","avatar","gender"
8246,"200fcf61-9e08-423d-bd89-bcfec55329c6","Providencia","Bruen","providencia.bruen","providencia.bruen@email.com","https://robohash.org/repellendustemporibussit.png?size=300x300&set=set1","Non-binary""id","uid","first_name","last_name","username","email","avatar","gender"
4785,"ff582490-ee3d-4f90-af1e-367124acebec","Sheron","Gleichner","sheron.gleichner","sheron.gleichner@email.com","https://robohash.org/liberoestlabore.png?size=300x300&set=set1","Agender""id","uid","first_name","last_name","username","email","avatar","gender"
8548,"db71f191-4a5d-4f88-9254-afad7f1a33a1","Billy","DuBuque","billy.dubuque","billy.dubuque@email.com","https://robohash.org/utnequeab.png?size=300x300&set=set1","Bigender""id","uid","first_name","last_name","username","email","avatar","gender"
7180,"c547419b-4abe-41d2-b3f8-fc04e1bc7711","Elida","Frami","elida.frami","elida.frami@email.com","https://robohash.org/consecteturmolestiaeeum.png?size=300x300&set=set1","Bigender""id","uid","first_name","last_name","username","email","avatar","gender"
6594,"711b81fc-ae4d-4486-86db-511b7de4f374","Gerda","Kilback","gerda.kilback","gerda.kilback@email.com","https://robohash.org/aspernatursuscipitconsequuntur.png?size=300x300&set=set1","Agender""id","uid","first_name","last_name","username","email","avatar","gender"
9534,"f47ef43a-70ee-42e8-9b80-5dac1451c0ac","Walton","VonRueden","walton.vonrueden","walton.vonrueden@email.com","https://robohash.org/suntnihilexercitationem.png?size=300x300&set=set1","Polygender""id","uid","first_name","last_name","username","email","avatar","gender"
3644,"9f5c52d3-d577-443d-8862-6665150ab7a1","Beulah","Klocko","beulah.klocko","beulah.klocko@email.com","https://robohash.org/nulladoloremlaudantium.png?size=300x300&set=set1","Agender""id","uid","first_name","last_name","username","email","avatar","gender"
382,"31b758ce-b96b-4492-bf74-d8d5ed90a7aa","Charles","Steuber","charles.steuber","charles.steuber@email.com","https://robohash.org/etperspiciatisenim.png?size=300x300&set=set1","Genderfluid""id","uid","first_name","last_name","username","email","avatar","gender"
443,"0e203637-53ed-4551-85a9-0b724cf9e10c","Barton","Hansen","barton.hansen","barton.hansen@email.com","https://robohash.org/quisharumet.png?size=300x300&set=set1","Genderqueer""id","uid","first_name","last_name","username","email","avatar","gender"
6145,"414d2fa0-7036-4908-8641-ac9740c1d344","Franklin","Block","franklin.block","franklin.block@email.com","https://robohash.org/cumeumaliquam.png?size=300x300&set=set1","Genderqueer""id","uid","first_name","last_name","username","email","avatar","gender"
3453,"c4dee609-5d3f-40c1-bead-d10a2fb38565","Lindsay","Harris","lindsay.harris","lindsay.harris@email.com","https://robohash.org/sitautemipsa.png?size=300x300&set=set1","Genderfluid""id","uid","first_name","last_name","username","email","avatar","gender"
3143,"d2b31482-42e2-4a64-aa02-a56d437844d5","Parker","Dickinson","parker.dickinson","parker.dickinson@email.com","https://robohash.org/esseoditet.png?size=300x300&set=set1","Genderfluid""id","uid","first_name","last_name","username","email","avatar","gender"
7626,"d892990d-9037-45bf-9d80-32dea7002850","Justina","Heathcote","justina.heathcote","justina.heathcote@email.com","https://robohash.org/teneturpraesentiumvelit.png?size=300x300&set=set1","Male""id","uid","first_name","last_name","username","email","avatar","gender"
3260,"ee3c26dc-3d8f-4a2c-8c45-c39754e808fa","Marylee","Schneider","marylee.schneider","marylee.schneider@email.com","https://robohash.org/quaeratdoloraperiam.png?size=300x300&set=set1","Non-binary""id","uid","first_name","last_name","username","email","avatar","gender"
9841,"4b3a6dd5-4cfc-4334-ab20-f9bafa452550","Dovie","Senger","dovie.senger","dovie.senger@email.com","https://robohash.org/ducimusidquas.png?size=300x300&set=set1","Male""id","uid","first_name","last_name","username","email","avatar","gender"
1771,"9923e821-998b-49d5-b437-3f782d73f9e3","Sonny","Kautzer","sonny.kautzer","sonny.kautzer@email.com","https://robohash.org/atveroducimus.png?size=300x300&set=set1","Male""id","uid","first_name","last_name","username","email","avatar","gender"
5123,"17c2de5e-229a-4e7b-9b28-e93f05e883a4","Houston","Kassulke","houston.kassulke","houston.kassulke@email.com","https://robohash.org/rerumconsecteturnihil.png?size=300x300&set=set1","Polygender""id","uid","first_name","last_name","username","email","avatar","gender"
1540,"d5777bbf-d346-412f-9eaa-e43d8f039168","Willian","McGlynn","willian.mcglynn","willian.mcglynn@email.com","https://robohash.org/autvoluptasut.png?size=300x300&set=set1","Non-binary""id","uid","first_name","last_name","username","email","avatar","gender"
3520,"0571cdc9-10d9-466f-b085-98924e492107","Jerrold","Reichel","jerrold.reichel","jerrold.reichel@email.com","https://robohash.org/modidolorumin.png?size=300x300&set=set1","Female""id","uid","first_name","last_name","username","email","avatar","gender"
6675,"f7b6ec53-eefd-4e4c-862e-aff5a372b3a8","Carita","Lockman","carita.lockman","carita.lockman@email.com","https://robohash.org/quiessesit.png?size=300x300&set=set1","Genderqueer""id","uid","first_name","last_name","username","email","avatar","gender"
2313,"f7aeb71e-96c3-4567-830f-4f72c3d464ed","Gertrudis","Hermiston","gertrudis.hermiston","gertrudis.hermiston@email.com","https://robohash.org/consequaturremblanditiis.png?size=300x300&set=set1","Female""id","uid","first_name","last_name","username","email","avatar","gender"
6687,"4f01c14e-aeda-45c9-9a08-a25738a4dde1","Apolonia","Schimmel","apolonia.schimmel","apolonia.schimmel@email.com","https://robohash.org/aliquametrerum.png?size=300x300&set=set1","Female""id","uid","first_name","last_name","username","email","avatar","gender"
8526,"50f16808-8fde-4357-b980-28abee2438f6","Alia","Smith","alia.smith","alia.smith@email.com","https://robohash.org/etexpeditasoluta.png?size=300x300&set=set1","Genderfluid""id","uid","first_name","last_name","username","email","avatar","gender"
2959,"5b978093-d577-4941-b759-1b0406cc3bfc","Veola","Donnelly","veola.donnelly","veola.donnelly@email.com","https://robohash.org/estiureaut.png?size=300x300&set=set1","Non-binary""id","uid","first_name","last_name","username","email","avatar","gender"
5998,"61944af2-82a8-410f-8c39-11d9d2d5cb13","Kasey","Kuhlman","kasey.kuhlman","kasey.kuhlman@email.com","https://robohash.org/iureautemut.png?size=300x300&set=set1","Genderfluid""id","uid","first_name","last_name","username","email","avatar","gender"
3240,"e510a25d-bae8-4870-bf31-a0d902068c75","Joella","White","joella.white","joella.white@email.com","https://robohash.org/consequaturvelitid.png?size=300x300&set=set1","Bigender""id","uid","first_name","last_name","username","email","avatar","gender"
8088,"f8d2cb60-92f9-47c8-824f-bafda11310bd","Anton","Larson","anton.larson","anton.larson@email.com","https://robohash.org/utoditoptio.png?size=300x300&set=set1","Bigender""id","uid","first_name","last_name","username","email","avatar","gender"
8540,"27a13193-6947-46d9-b389-ba905bc6ab51","Shante","Murray","shante.murray","shante.murray@email.com","https://robohash.org/doloridet.png?size=300x300&set=set1","Polygender""id","uid","first_name","last_name","username","email","avatar","gender"
2443,"0c255965-0a63-4d1a-bb0c-3202327f1b75","Adelina","Stracke","adelina.stracke","adelina.stracke@email.com","https://robohash.org/odioetvoluptatibus.png?size=300x300&set=set1","Male""id","uid","first_name","last_name","username","email","avatar","gender"
8046,"e62583f3-d36d-476f-bbcd-31efbf8c64f3","Tom","Quitzon","tom.quitzon","tom.quitzon@email.com","https://robohash.org/utquiquibusdam.png?size=300x300&set=set1","Agender""id","uid","first_name","last_name","username","email","avatar","gender"
1073,"34bd2028-8878-4f3c-a914-52bc315aaa74","Gayle","Turcotte","gayle.turcotte","gayle.turcotte@email.com","https://robohash.org/consequunturillumad.png?size=300x300&set=set1","Female""id","uid","first_name","last_name","username","email","avatar","gender"
3418,"01d6b281-c946-4cd3-bd91-de6c8c641311","Titus","Hessel","titus.hessel","titus.hessel@email.com","https://robohash.org/veniamquoullam.png?size=300x300&set=set1","Female"